{
  "accuracy": 0.415,
  "precision": 0.4152844551282051,
  "recall": 0.415,
  "f1_score": 0.415131892081465,
  "mse": 0.0,
  "rmse": 0.0,
  "mae": 0.0,
  "r2_score": 0.0,
  "training_time": 0.060635,
  "feature_importance": {
    "sentiment_score": 0.18457889556884766,
    "volume": 0.183773010969162,
    "price_change": 0.19996732473373413,
    "volume_sma": 0.1914243847131729,
    "volume_ratio": 0.2402564287185669
  },
  "cross_val_scores": [
    0.5037593984962406,
    0.45112781954887216,
    0.48120300751879697,
    0.46616541353383456,
    0.42105263157894735
  ],
  "last_trained": "2026-02-06T13:02:47.562148"
}