{
  "system_cpu_mean": 52.14505961703926,
  "system_cpu_std": 19.485089148627324,
  "system_memory_mean": 51.92299088155064,
  "financial_pnl_baseline": 0.0,
  "sample_count": 30,
  "timestamp": "2026-02-04T18:01:04.885641"
}